E(keV),mu_adipose(cm^-1),mu_blood(cm^-1),mu_bone(cm^-1),mu_brain(cm^-1),mu_soft_tissue(cm^-1),mu_water(cm^-1)
1,2496.6,4034.36,7259.52,3844.88,3934.72,4078
2,361,608.122,1126.85,579.904,593.176,617.3
3,112.86,197.372,567.936,191.568,194.616,192.9
4,48.013,86.7822,255.552,85.1864,86.5066,82.78
5,24.5765,44.8592,368.064,44.1168,44.7744,42.58
6,14.193,26.0548,224.832,25.6672,26.0336,24.64
7,8.93573,16.4388,147.363,16.2119,16.4441,15.4967
8,5.985,11.3208,102.202,10.8888,11.0452,10.37
9,4.23253,7.98989,73.5073,7.68464,7.79107,7.29733
10,3.1046,5.85014,54.7392,5.6264,5.70174,5.329
11,2.39473,4.46232,41.7784,4.29192,4.34867,4.05857
12,1.8894,3.48494,32.6454,3.35205,3.39585,3.16519
13,1.51927,2.77606,26.0179,2.67033,2.70485,2.5181
14,1.24156,2.24897,21.0877,2.16343,2.19111,2.03756
15,1.02885,1.84864,17.3414,1.7784,1.80094,1.673
16,0.890067,1.57037,14.4463,1.51141,1.53066,1.4216
17,0.7768,1.34724,12.1685,1.29724,1.31383,1.21997
18,0.683245,1.166,10.3509,1.12318,1.13762,1.05613
19,0.605142,1.01705,8.88217,0.980087,0.992734,0.921456
20,0.539315,0.893368,7.68192,0.861224,0.87238,0.8096
21,0.500722,0.813042,6.72903,0.784439,0.794663,0.738133
22,0.4665,0.74319,5.93078,0.717611,0.727018,0.675875
23,0.435987,0.682057,5.25665,0.659081,0.667768,0.621297
24,0.408645,0.628245,4.68313,0.60752,0.615571,0.573177
25,0.384032,0.580622,4.19192,0.561859,0.569342,0.530527
26,0.361781,0.538272,3.76857,0.521225,0.5282,0.492542
27,0.341589,0.500439,3.40162,0.484901,0.49142,0.458561
28,0.323197,0.466501,3.08186,0.452296,0.458403,0.428036
29,0.306391,0.435937,2.80185,0.422915,0.428649,0.40051
30,0.290985,0.408312,2.55552,0.396344,0.40174,0.3756
31,0.282953,0.392353,2.36139,0.381109,0.386312,0.36147
32,0.275386,0.377495,2.18749,0.366916,0.371939,0.348296
33,0.268246,0.363632,2.03117,0.353664,0.358518,0.335985
34,0.261496,0.350669,1.8902,0.341265,0.345961,0.324458
35,0.255105,0.338524,1.76269,0.329642,0.33419,0.313644
36,0.249043,0.327125,1.64702,0.318726,0.323133,0.30348
37,0.243285,0.316406,1.5418,0.308456,0.312731,0.29391
38,0.237809,0.306311,1.44585,0.298778,0.302928,0.284886
39,0.232593,0.296787,1.35813,0.289643,0.293675,0.276362
40,0.22762,0.28779,1.27776,0.281008,0.284928,0.2683
41,0.224593,0.282255,1.21565,0.27571,0.279567,0.26337
42,0.221678,0.276956,1.15794,0.270635,0.274432,0.258646
43,0.218869,0.271878,1.10424,0.265771,0.269509,0.254115
44,0.216158,0.267007,1.05418,0.261102,0.264784,0.249765
45,0.21354,0.262329,1.00743,0.256618,0.260246,0.245585
46,0.211011,0.257833,0.963725,0.252307,0.255882,0.241564
47,0.208565,0.253509,0.922791,0.248159,0.251684,0.237694
48,0.206198,0.249346,0.884404,0.244164,0.24764,0.233965
49,0.203906,0.245335,0.848357,0.240314,0.243743,0.230369
50,0.201685,0.241468,0.814464,0.2366,0.239984,0.2269
51,0.200097,0.238806,0.788501,0.234038,0.237385,0.224519
52,0.198552,0.236225,0.763847,0.231552,0.234863,0.222209
53,0.197049,0.23372,0.740411,0.22914,0.232416,0.219966
54,0.195584,0.231287,0.718113,0.226797,0.230039,0.217786
55,0.194157,0.228924,0.696877,0.22452,0.227729,0.215668
56,0.192766,0.226627,0.676634,0.222307,0.225483,0.213608
57,0.191409,0.224393,0.657323,0.220154,0.223299,0.211603
58,0.190085,0.222219,0.638884,0.218059,0.221173,0.209652
59,0.188792,0.220103,0.621265,0.216019,0.219104,0.207752
60,0.18753,0.218042,0.604416,0.214032,0.217088,0.2059
61,0.186538,0.216562,0.592546,0.2126,0.215641,0.204555
62,0.185568,0.215115,0.581096,0.2112,0.214227,0.20324
63,0.184618,0.213701,0.570045,0.209831,0.212845,0.201954
64,0.183688,0.212318,0.559374,0.208493,0.211493,0.200697
65,0.182777,0.210966,0.549063,0.207184,0.210171,0.199467
66,0.181884,0.209643,0.539095,0.205903,0.208877,0.198263
67,0.181009,0.208347,0.529454,0.204649,0.20761,0.197084
68,0.18015,0.207079,0.520125,0.203421,0.20637,0.195929
69,0.179309,0.205837,0.511092,0.202218,0.205154,0.194798
70,0.178483,0.204619,0.502343,0.201039,0.203964,0.19369
71,0.177673,0.203427,0.493865,0.199884,0.202797,0.192603
72,0.176878,0.202257,0.485646,0.198752,0.201652,0.191538
73,0.176097,0.201111,0.477674,0.197641,0.20053,0.190493
74,0.17533,0.199986,0.469938,0.196552,0.19943,0.189468
75,0.174577,0.198883,0.462429,0.195483,0.19835,0.188462
76,0.173837,0.1978,0.455138,0.194434,0.19729,0.187475
77,0.173109,0.196737,0.448054,0.193404,0.196249,0.186506
78,0.172394,0.195693,0.44117,0.192393,0.195227,0.185554
79,0.171691,0.194669,0.434477,0.1914,0.194224,0.184619
80,0.171,0.193662,0.427968,0.190424,0.193238,0.1837
81,0.17039,0.192855,0.423614,0.189645,0.192444,0.182951
82,0.169789,0.192062,0.419358,0.188878,0.191662,0.182214
83,0.169197,0.191281,0.415194,0.188124,0.190894,0.181489
84,0.168615,0.190512,0.411122,0.187382,0.190137,0.180776
85,0.168041,0.189756,0.407137,0.186652,0.189393,0.180073
86,0.167476,0.189012,0.403236,0.185933,0.18866,0.179382
87,0.16692,0.188279,0.399417,0.185225,0.187938,0.178701
88,0.166372,0.187557,0.395677,0.184527,0.187227,0.17803
89,0.165831,0.186846,0.392014,0.18384,0.186527,0.17737
90,0.165299,0.186146,0.388426,0.183164,0.185837,0.176719
91,0.164774,0.185456,0.384909,0.182497,0.185158,0.176078
92,0.164256,0.184776,0.381462,0.18184,0.184488,0.175446
93,0.163746,0.184106,0.378083,0.181192,0.183828,0.174824
94,0.163242,0.183445,0.374769,0.180554,0.183177,0.17421
95,0.162746,0.182794,0.371519,0.179924,0.182536,0.173604
96,0.162256,0.182152,0.36833,0.179304,0.181903,0.173007
97,0.161772,0.181519,0.365202,0.178691,0.181279,0.172419
98,0.161295,0.180894,0.362132,0.178087,0.180664,0.171838
99,0.160825,0.180278,0.359119,0.177492,0.180057,0.171265
100,0.16036,0.17967,0.35616,0.176904,0.179458,0.1707
101,0.159896,0.179108,0.354192,0.176353,0.178902,0.170173
102,0.159438,0.178554,0.352253,0.175809,0.178354,0.169653
103,0.158986,0.178007,0.350344,0.175273,0.177812,0.16914
104,0.158539,0.177467,0.348464,0.174743,0.177277,0.168633
105,0.158098,0.176933,0.346611,0.174219,0.176749,0.168133
106,0.157662,0.176406,0.344786,0.173702,0.176228,0.167638
107,0.157231,0.175886,0.342988,0.173192,0.175713,0.16715
108,0.156806,0.175372,0.341215,0.172688,0.175204,0.166668
109,0.156386,0.174864,0.339468,0.17219,0.174702,0.166191
110,0.15597,0.174362,0.337745,0.171697,0.174205,0.16572
111,0.15556,0.173867,0.336047,0.171211,0.173714,0.165255
112,0.155154,0.173377,0.334373,0.170731,0.173229,0.164796
113,0.154753,0.172893,0.332721,0.170256,0.17275,0.164341
114,0.154356,0.172414,0.331093,0.169786,0.172276,0.163892
115,0.153964,0.171941,0.329486,0.169322,0.171808,0.163448
116,0.153576,0.171473,0.327901,0.168863,0.171345,0.163009
117,0.153193,0.171011,0.326337,0.168409,0.170887,0.162575
118,0.152814,0.170553,0.324793,0.167961,0.170434,0.162146
119,0.152439,0.170101,0.32327,0.167517,0.169987,0.161721
120,0.152068,0.169654,0.321767,0.167078,0.169544,0.161302
121,0.151701,0.169212,0.320283,0.166644,0.169106,0.160886
122,0.151337,0.168774,0.318818,0.166215,0.168672,0.160475
123,0.150978,0.168341,0.317372,0.16579,0.168244,0.160069
124,0.150622,0.167913,0.315944,0.16537,0.16782,0.159667
125,0.150271,0.167489,0.314533,0.164954,0.1674,0.159269
126,0.149922,0.16707,0.31314,0.164543,0.166985,0.158875
127,0.149578,0.166655,0.311765,0.164135,0.166574,0.158486
128,0.149236,0.166244,0.310406,0.163732,0.166167,0.1581
129,0.148898,0.165837,0.309063,0.163334,0.165765,0.157718
130,0.148564,0.165435,0.307737,0.162939,0.165366,0.157341
131,0.148233,0.165037,0.306426,0.162548,0.164972,0.156967
132,0.147905,0.164642,0.305131,0.162161,0.164581,0.156596
133,0.14758,0.164252,0.303851,0.161778,0.164194,0.156229
134,0.147259,0.163865,0.302586,0.161398,0.163811,0.155866
135,0.14694,0.163482,0.301335,0.161023,0.163432,0.155507
136,0.146625,0.163103,0.300099,0.160651,0.163057,0.155151
137,0.146312,0.162728,0.298877,0.160282,0.162685,0.154798
138,0.146003,0.162356,0.297669,0.159917,0.162316,0.154449
139,0.145696,0.161987,0.296474,0.159556,0.161951,0.154103
140,0.145392,0.161622,0.295292,0.159198,0.16159,0.15376
141,0.145091,0.161261,0.294124,0.158843,0.161232,0.153421
142,0.144793,0.160903,0.292969,0.158491,0.160877,0.153084
143,0.144497,0.160548,0.291826,0.158143,0.160526,0.152751
144,0.144204,0.160196,0.290695,0.157798,0.160177,0.15242
145,0.143914,0.159848,0.289577,0.157456,0.159832,0.152093
146,0.143626,0.159503,0.28847,0.157117,0.15949,0.151769
147,0.143341,0.15916,0.287376,0.156782,0.159151,0.151447
148,0.143058,0.158821,0.286293,0.156449,0.158815,0.151129
149,0.142778,0.158485,0.285221,0.156119,0.158482,0.150813
150,0.1425,0.158152,0.28416,0.155792,0.158152,0.1505
151,0.142197,0.157809,0.283355,0.155455,0.157809,0.150174
152,0.141897,0.157468,0.282558,0.155121,0.157468,0.14985
153,0.141599,0.157131,0.281769,0.15479,0.157131,0.14953
154,0.141304,0.156796,0.280986,0.154462,0.156796,0.149212
155,0.141012,0.156465,0.280211,0.154137,0.156465,0.148896
156,0.140722,0.156136,0.279443,0.153814,0.156136,0.148584
157,0.140434,0.15581,0.278682,0.153494,0.15581,0.148274
158,0.140149,0.155487,0.277928,0.153177,0.155487,0.147967
159,0.139866,0.155166,0.277181,0.152863,0.155166,0.147662
160,0.139585,0.154848,0.27644,0.152551,0.154848,0.14736
161,0.139307,0.154533,0.275706,0.152242,0.154533,0.14706
162,0.139031,0.15422,0.274978,0.151935,0.15422,0.146763
163,0.138758,0.15391,0.274257,0.151631,0.15391,0.146469
164,0.138486,0.153602,0.273542,0.151329,0.153602,0.146176
165,0.138217,0.153297,0.272833,0.15103,0.153297,0.145886
166,0.13795,0.152995,0.27213,0.150733,0.152995,0.145598
167,0.137685,0.152694,0.271434,0.150438,0.152694,0.145313
168,0.137422,0.152396,0.270743,0.150146,0.152396,0.14503
169,0.137161,0.152101,0.270058,0.149856,0.152101,0.144749
170,0.136902,0.151808,0.269379,0.149568,0.151808,0.14447
